name,aliases,kcal_per_100g,protein_per_100g,carbs_per_100g,fat_per_100g,unit_name,unit_grams
egg,eggs|whole egg|boiled egg|scrambled egg|fried egg,143,12.6,0.7,9.5,egg,50
toast,white bread|bread|white toast|slice of bread,265,9.0,49.0,3.2,slice,30
whole wheat bread,wheat bread|whole wheat toast|wheat toast|brown bread,252,12.4,43.0,3.5,slice,32
bagel,plain bagel,257,10.0,50.5,1.5,bagel,105
flour tortilla,tortilla|wrap,306,8.2,50.0,8.0,tortilla,45
banana,bananas,89,1.1,22.8,0.3,banana,118
apple,apples,52,0.3,13.8,0.2,apple,182
orange,oranges,47,0.9,11.8,0.1,orange,131
strawberries,strawberry,32,0.7,7.7,0.3,cup,152
blueberries,blueberry,57,0.7,14.5,0.3,cup,148
avocado,avocados,160,2.0,8.5,14.7,avocado,150
white rice,rice|cooked rice|steamed rice,130,2.7,28.2,0.3,cup,158
brown rice,cooked brown rice,123,2.7,25.6,1.0,cup,195
quinoa,cooked quinoa,120,4.4,21.3,1.9,cup,185
pasta,spaghetti|cooked pasta|penne|noodles,158,5.8,30.9,0.9,cup,140
rolled oats,oats|dry oats,379,13.2,67.7,6.5,cup,81
oatmeal,porridge|cooked oatmeal,71,2.5,12.0,1.5,cup,234
granola,,471,10.0,64.0,20.0,serving,50
potato,baked potato|potatoes,93,2.5,21.0,0.1,potato,173
sweet potato,sweet potatoes|yam,90,2.0,20.7,0.2,potato,114
broccoli,steamed broccoli,35,2.4,7.2,0.4,cup,156
spinach,baby spinach,23,2.9,3.6,0.4,cup,30
black beans,beans,132,8.9,23.7,0.5,cup,172
lentils,cooked lentils,116,9.0,20.0,0.4,cup,198
chicken breast,chicken|grilled chicken|chicken breasts,165,31.0,0.0,3.6,breast,140
salmon,salmon fillet|baked salmon,206,22.0,0.0,12.0,fillet,154
ground beef,beef|hamburger patty|beef patty,250,26.0,0.0,15.0,patty,85
tuna,canned tuna|tuna can,116,26.0,0.0,0.8,can,142
bacon,bacon strips,541,37.0,1.4,42.0,slice,8
tofu,firm tofu,144,17.3,2.8,8.7,serving,85
milk,2% milk|reduced fat milk,50,3.3,4.8,2.0,cup,244
whole milk,,61,3.2,4.8,3.3,cup,244
greek yogurt,yogurt|plain greek yogurt|nonfat greek yogurt,59,10.2,3.6,0.4,container,170
cottage cheese,,81,10.5,4.8,2.3,cup,226
cheddar cheese,cheese|cheddar,403,25.0,1.3,33.0,slice,28
butter,,717,0.9,0.1,81.0,tbsp,14
olive oil,oil,884,0.0,0.0,100.0,tbsp,13.5
peanut butter,pb,588,25.0,20.0,50.0,tbsp,16
almonds,almond,579,21.0,22.0,50.0,handful,28
hummus,,166,7.9,14.3,9.6,tbsp,15
whey protein,protein powder|protein shake|whey,400,80.0,8.0,6.0,scoop,30
honey,,304,0.3,82.0,0.0,tbsp,21
sugar,,387,0.0,100.0,0.0,tsp,4
dark chocolate,chocolate,598,7.8,46.0,43.0,square,10
pizza,cheese pizza|pizza slice,266,11.4,33.0,10.0,slice,107
orange juice,oj,45,0.7,10.4,0.2,cup,248
coffee,black coffee,1,0.1,0.0,0.0,cup,240
